raise,87.29892009
irate,88.7062635
arise,89.61900648
arose,91.35680346
alter,92.06695464
later,92.58617711
alert,92.8362851
stare,93.29287257
snare,95.54730022
saner,95.66220302
slate,98.64708423
learn,99.4475162
crate,100.5334773
stale,100.9974082
trace,101.099784
aisle,101.6069114
renal,101.9857451
least,102.1943844
leant,102.6963283
react,103.8177106
cater,105.1883369
trail,105.2600432
scare,105.6306695
store,106.2419006
alone,106.2950324
atone,106.4306695
solar,107.1537797
roast,107.2051836
loser,107.2220302
trial,107.9110151
teary,108.162851
crane,108.2587473
trade,108.5110151
alien,109.9066955
clear,110.0311015
tenor,110.1490281
stair,110.2941685
steal,110.3334773
snore,111.2133909
siren,111.6263499
rinse,112.2799136
stole,112.7524838
share,112.9680346
layer,113.5654428
sonar,113.6306695
heart,113.8384449
hater,114.1714903
ratio,114.3347732
grate,114.5654428
train,114.7360691
caste,114.8721382
taper,114.9282937
trice,115.3991361
tread,115.9287257
scale,115.9360691
route,115.9511879
adore,116.0652268
risen,116.3969762
parse,116.4462203
shear,116.5796976
pearl,116.9382289
saute,117.2008639
yearn,117.3006479
liner,117.4133909
stern,117.5796976
early,117.7149028
paler,117.8177106
relay,117.8393089
snarl,117.8816415
inert,118.2928726
inter,118.3814255
spare,118.6993521
arson,118.7477322
resin,118.8233261
earth,118.8401728
cleat,119.2237581
glare,119.2406048
aider,119.4596112
islet,119.6725702
dealt,119.6760259
tamer,119.7321814
large,120.0194384
rouse,120.0263499
lance,120.7187905
score,120.7226782
great,120.8786177
plate,121.4159827
lathe,121.4535637
canoe,121.4820734
crest,123.0479482
shale,123.0868251
yeast,123.3840173
spear,123.5537797
realm,123.6362851
inlet,124.2984881
outer,124.3088553
lager,124.4012959
stone,124.6241901
smear,124.7295896
eclat,124.812095
talon,124.8963283
leapt,125.0609071
slant,125.0829374
tonal,125.3684665
carol,125.4034557
blare,125.6894168
noise,126.2073434
relic,126.6349892
salon,126.8734341
crone,127.0155508
shire,127.3235421
opera,127.5153348
trope,127.5822894
delta,127.649676
enact,128.0185745
urine,128.0207343
slice,128.0349892
tried,128.162419
leash,128.2285097
tripe,128.337365
ramen,128.3771058
close,128.399568
satyr,128.4103672
coral,128.462635
artsy,128.6466523
regal,128.9053996
plane,128.9058315
actor,128.9546436
aside,129.0578834
taker,129.1066955
shore,129.250108
onset,129.4349892
utile,129.8017279
range,129.9416847
safer,129.9840173
pleat,130.0328294
nurse,130.0764579
petal,130.1075594
horse,130.1447084
baler,130.2894168
lapse,130.4099352
clean,130.5399568
ultra,130.5589633
their,130.9079914
stead,130.9602592
flare,130.9706263
slain,131.050108
afire,131.3809935
louse,131.3965443
panel,131.449676
saint,131.4509719
sauce,131.537797
paste,131.5831533
snail,131.7779698
stage,132.062635
haste,132.1637149
sedan,132.3166307
cause,132.4535637
cedar,132.6980562
table,132.7408207
water,132.974946
cadet,132.9853132
plier,133.1676026
laden,133.3019438
grace,133.6704104
peril,133.950324
snort,134.1580994
merit,134.2207343
royal,134.3226782
prose,134.5101512
stray,134.5226782
truce,134.6552916
cruel,134.7166307
meant,134.7516199
lunar,134.9209503
spire,134.9291577
acute,134.9611231
triad,134.9848812
after,135.0859611
cairn,135.137365
satin,135.1572354
older,135.2224622
caper,135.312743
spore,135.3136069
tapir,135.9477322
baste,136.1235421
clone,136.2311015
prone,136.4159827
anode,136.4544276
hotel,136.5611231
metal,136.675162
coast,136.6980562
nicer,136.8112311
stein,137.1062635
agile,137.1356371
other,137.136933
suite,137.1451404
anger,137.1637149
penal,137.2159827
trend,137.3641469
remit,137.3930886
tribe,137.4159827
timer,137.500216
polar,137.7343413
style,137.7952484
beast,137.8272138
stain,138.088121
drone,138.1066955
ocean,138.2509719
slide,138.374946
reach,138.5105832
tilde,138.5641469
heard,138.6717063
ashen,138.6894168
sepia,138.9447084
swear,138.949892
lithe,139.087257
feral,139.2082073
tiger,139.4682505
rainy,139.9105832
curse,139.9334773
drape,139.9365011
idler,139.9857451
poser,140.0647948
heron,140.2565875
ideal,140.2708423
recap,140.5442765
metro,140.7330454
rayon,140.7416847
payer,140.7706263
acorn,140.9935205
brace,141.1105832
miser,141.2393089
ready,141.3982721
entry,141.5857451
argue,141.6298056
haute,142.0695464
intro,142.2267819
ulcer,142.47473
trash,142.5982721
scone,142.8211663
recut,142.8276458
since,143.0043197
email,143.0146868
bleat,143.2596112
grail,143.4069114
FALSE,143.4971922
avert,143.7183585
loath,144.1943844
motel,144.3801296
sober,144.8177106
gayer,145.2695464
steam,145.2859611
unite,145.4043197
cream,145.4211663
harem,145.7913607
slope,145.8073434
octal,145.812959
radio,145.9213823
molar,145.9520518
repay,145.9844492
anime,145.9892009
alike,145.9991361
forte,146.0742981
untie,146.0954644
waste,146.5563715
poise,146.6829374
place,146.6833693
angle,146.7213823
feast,146.8012959
smart,146.8164147
write,146.8712743
slime,147.0639309
dance,147.1153348
farce,147.1684665
grant,147.2103672
salty,147.2272138
ripen,147.3300216
moral,147.4488121
grape,147.688121
skate,147.6937365
agent,147.6993521
ascot,148.2051836
scent,148.2583153
angel,148.5762419
smile,148.5805616
shade,148.6194384
grade,148.999568
valet,149.0449244
cried,149.2107991
taken,149.3714903
price,149.5784017
drain,149.7395248
brine,149.937365
abort,149.9412527
spiel,150.1157667
borne,150.1455724
scant,150.1533477
shoal,150.1818575
pause,150.2133909
space,150.2431965
stake,150.2514039
strap,150.2574514
plait,150.5507559
droit,150.6069114
diner,150.6993521
unset,150.7079914
wrote,150.7542117
cutie,150.8561555
those,151.0164147
ovate,151.1848812
fetal,151.2971922
decal,151.3589633
death,151.5308855
raven,151.537797
nadir,151.6224622
serif,151.6427646
smote,151.7282937
rifle,151.924838
adorn,152.0911447
apron,152.1779698
skier,152.3395248
story,152.487689
plant,152.6362851
gloat,152.6699784
smite,152.7317495
crept,152.7611231
erase,152.7693305
torus,152.8280778
salve,152.8397408
manor,152.8535637
scary,152.9719222
miner,153.049676
shone,153.0699784
labor,153.1045356
leach,153.1857451
glean,153.2142549
teach,153.2462203
tidal,153.2734341
hairy,153.6090713
chase,153.6833693
smelt,153.7732181
slept,153.8064795
slave,153.9719222
crime,154.0717063
trawl,154.1136069
cider,154.2794816
spelt,154.5066955
staid,154.5736501
spite,154.7239741
decor,154.7827214
flier,154.8073434
chore,154.9732181
refit,155.1425486
camel,155.2742981
olden,155.3049676
eater,155.524838
stave,155.6902808
nosey,155.7088553
worse,155.7153348
heist,155.7455724
swore,155.9015119
spade,155.9589633
gruel,155.9917927
shine,156.0678186
trove,156.3900648
shalt,156.5330454
sweat,156.5580994
dream,156.5844492
alive,156.9313175
prune,156.961987
ankle,157.2838013
tower,157.3187905
cameo,157.3455724
stand,157.4146868
goner,157.4155508
filer,157.5421166
horde,157.6073434
scorn,157.6384449
pesto,157.7796976
snide,157.9818575
wiser,158.0885529
flair,158.0889849
treat,158.1507559
brain,158.3071274
lower,158.3092873
cable,158.3382289
frail,158.3809935
snake,158.3965443
drake,158.5075594
credo,158.6535637
matey,158.7688985
rouge,158.8738661
adept,159.0064795
chair,159.1317495
tardy,159.1913607
irony,159.225054
sower,159.2907127
wrest,159.3136069
erupt,159.3192225
patio,159.3352052
beard,159.6488121
cheat,159.687689
weary,159.9615551
terra,160.0207343
grain,160.049676
purse,160.1071274
surge,160.1529158
facet,160.162851
rehab,160.2008639
rogue,160.2280778
crave,160.2825054
pecan,160.2859611
nasty,160.3969762
groan,160.4259179
baron,160.511879
carve,160.5943844
gamer,160.6414687
boast,160.8414687
amuse,160.8712743
brute,160.9840173
hoard,161.0138229
oaken,161.0574514
reign,161.1537797
rivet,161.1593952
meaty,161.1758099
usage,161.3265659
usher,161.450108
paint,161.5904968
towel,161.8583153
debar,162.0665227
roach,162.0669546
tease,162.2656587
retch,162.3403888
steak,162.511879
super,162.687689
barge,162.8686825
lemur,162.9529158
lease,162.9857451
splat,163.0786177
antic,163.0911447
voter,163.1429806
bloat,163.2431965
relax,163.2596112
dairy,163.4570194
abuse,163.8017279
court,163.9304536
sport,163.9771058
party,164.0596112
elate,164.1187905
uncle,164.2103672
spine,164.225054
shard,164.249676
opine,164.3321814
delay,164.3900648
flora,164.3974082
pedal,164.4107991
bread,164.5028078
diary,164.5606911
creak,164.7062635
savor,164.7265659
organ,164.7779698
acrid,164.7943844
short,164.7987041
bathe,164.8198704
shape,164.8293737
pride,164.9170626
noble,164.9192225
snipe,164.9671706
melon,165.1058315
solid,165.1779698
phase,165.2414687
stoic,165.2423326
glade,165.2578834
naive,165.5930886
chart,165.6034557
cigar,165.7844492
serum,165.8090713
spent,165.8989201
shame,165.9580994
broil,166.0660907
pried,166.0717063
crash,166.2302376
sugar,166.2362851
navel,166.3485961
cargo,166.4233261
curio,166.4730022
latte,166.5075594
thorn,166.5460043
filet,166.6570194
overt,166.7641469
lemon,166.8263499
lover,166.9365011
north,167.037149
frame,167.0522678
plead,167.0829374
plain,167.2807775
shirt,167.3261339
tuber,167.5209503
truly,167.7684665
liver,167.8976242
blast,167.9697624
maple,168.0142549
orbit,168.0285097
straw,168.0483801
print,168.0522678
pilot,168.075594
reply,168.0920086
house,168.1205184
mealy,168.2
arena,168.2419006
verso,168.2937365
stark,168.3507559
comet,168.5226782
rhino,168.5848812
inept,168.6920086
shorn,168.7684665
bluer,168.962851
under,169.2064795
rebut,169.2233261
scour,169.2293737
valor,169.3857451
finer,169.5771058
inlay,169.7481641
stoke,169.7809935
extra,169.9412527
copse,170.1274298
hyena,170.3334773
basil,170.3831533
force,170.7788337
terse,170.8807775
scrap,170.8894168
ralph,170.9062635
piano,171.0034557
scaly,171.0164147
singe,171.0846652
scald,171.1019438
float,171.1568035
sneak,171.1697624
storm,171.6259179
crude,171.7282937
grope,171.7347732
crust,171.7818575
ounce,171.8544276
prime,172.2786177
trite,172.3654428
blade,172.5179266
solve,172.5913607
slang,172.6557235
ranch,172.8855292
aloft,172.9442765
mural,173.0613391
easel,173.111879
taste,173.312743
ample,173.3412527
spice,173.3632829
amber,173.399568
scram,173.4133909
abode,173.4466523
homer,173.5611231
depot,173.5917927
viral,173.6384449
ethos,173.649676
strip,173.6652268
adult,173.6803456
scope,173.7593952
gripe,173.7840173
adobe,173.8047516
macro,173.9667387
medal,173.9930886
mayor,174.137365
token,174.2025918
sloth,174.3451404
edict,174.4600432
shied,174.5295896
suave,174.6786177
infer,174.7235421
giant,174.7399568
craze,174.7455724
reset,174.7615551
maker,175.0954644
value,175.2634989
tango,175.375378
abide,175.412095
sonic,175.6989201
knelt,175.7170626
state,175.7632829
rapid,176.0138229
brake,176.0190065
daunt,176.0699784
baton,176.1576674
mason,176.1913607
azure,176.2215983
unlit,176.4051836
spray,176.4898488
guile,176.5403888
craft,176.562419
waist,176.5632829
spoil,176.612095
exalt,176.6717063
chose,176.8030238
whale,176.8799136
nerdy,177.000432
owner,177.0133909
probe,177.0915767
clout,177.1136069
deity,177.2323974
pulse,177.2522678
tonic,177.2691145
wager,177.2794816
scion,177.5827214
rebus,177.6859611
cagey,177.688121
noisy,177.7287257
dirge,177.7688985
rival,177.9809935
eaten,177.9818575
olive,178.0367171
today,178.0561555
until,178.2617711
image,178.3892009
angst,178.4859611
raspy,178.5913607
daisy,178.6786177
moist,178.7339093
randy,178.7831533
screw,178.8444924
berth,178.9269978
stove,178.9684665
fecal,179.0440605
hoist,179.1455724
boule,179.238013
bride,179.2907127
lyric,179.2980562
aloud,179.4203024
minor,179.6717063
frost,179.6928726
begat,179.8349892
media,179.9257019
crony,179.987905
snout,180.2475162
tramp,180.3680346
grime,180.3866091
tarot,180.4479482
aunty,180.4976242
trait,180.5257019
choir,180.5339093
guise,180.6060475
stony,180.7239741
ridge,180.7308855
abled,180.7952484
tonga,180.975378
mouse,181.0259179
along,181.0933045
felon,181.3913607
posit,181.4060475
brash,181.4194384
surly,181.4406048
asset,181.4855292
marsh,181.5239741
decay,181.524406
often,181.5667387
twine,181.8302376
basin,181.8388769
riser,181.9585313
twirl,182.0946004
baker,182.0993521
audit,182.3222462
sharp,182.3572354
flirt,182.5939525
steer,182.6090713
cobra,182.6552916
grave,182.7304536
plied,182.8272138
amend,182.8397408
tiara,183.0172786
piety,183.0820734
grasp,183.0924406
sadly,183.1282937
haunt,183.1507559
corny,183.1580994
altar,183.1801296
retro,183.4220302
racer,183.5287257
crawl,183.9939525
track,184.0712743
blame,184.1300216
tepid,184.174946
point,184.2479482
cower,184.4133909
lurid,184.4220302
cease,184.4842333
adopt,184.638013
phone,184.6976242
soapy,184.7131749
leafy,184.7740821
clerk,184.8345572
halve,184.8557235
wrist,184.92527
skirt,184.950324
foyer,185.2406048
latch,185.3490281
fairy,185.3900648
swine,185.425486
leaky,185.4794816
spied,185.5213823
honey,185.6082073
shake,185.6311015
spilt,185.6980562
scarf,185.7451404
twice,185.7572354
swirl,185.8708423
board,185.9952484
bagel,186.137797
liken,186.1861771
rusty,186.2345572
draft,186.2924406
flyer,186.4207343
urban,186.5036717
decry,186.5257019
aorta,186.5313175
clash,186.6237581
warty,186.6393089
sleet,186.6660907
groin,186.762851
model,186.787905
stalk,186.8060475
lodge,186.950324
grout,187.0008639
yield,187.0332613
clued,187.0388769
fiery,187.1058315
break,187.1399568
otter,187.2146868
upset,187.2289417
unmet,187.6237581
front,187.6341253
sinew,187.7174946
salvo,187.7226782
braid,187.7758099
clasp,187.8475162
first,187.863067
stork,187.9028078
split,187.9382289
heady,188.1416847
sneer,188.2034557
gleam,188.2211663
daily,188.2565875
mange,188.3395248
faint,188.3822894
inane,188.4850972
setup,188.6820734
elite,188.8328294
brave,188.8565875
niche,188.8673866
lumen,188.924406
align,188.9304536
scalp,189.0552916
foray,189.0855292
loose,189.0911447
title,189.111879
amble,189.1961123
abhor,189.2194384
robin,189.2345572
prude,189.2799136
dirty,189.3149028
incur,189.3779698
shave,189.4203024
worst,189.512311
crisp,189.5537797
chaos,189.6190065
flute,189.7023758
ester,189.7287257
croak,190.3516199
guest,190.3697624
scree,190.3714903
scold,190.3892009
peach,190.3939525
flame,190.5075594
aptly,190.512311
fried,190.8570194
sperm,190.9762419
sandy,191.1071274
tumor,191.1952484
vital,191.2825054
poesy,191.349892
torch,191.7041037
fresh,191.7205184
chant,191.7317495
novel,191.8453564
mince,191.9010799
visor,192.0712743
saucy,192.0825054
enter,192.2198704
rabid,192.3058315
wheat,192.3447084
broad,192.5079914
coupe,192.6492441
claim,192.6967603
cover,192.8617711
cleft,192.9174946
wafer,193.1468683
agree,193.3028078
poker,193.4082073
third,193.4164147
basic,193.487689
lousy,193.5658747
locus,193.7848812
loamy,193.8665227
brand,194.0133909
ethic,194.0406048
covet,194.1136069
threw,194.2280778
steel,194.3507559
glide,194.4095032
pinto,194.5317495
horny,194.5809935
scout,194.6228942
patsy,194.6803456
amity,194.7006479
plaid,195.0509719
grand,195.1382289
start,195.3650108
ombre,195.6215983
parer,195.663067
omega,195.6838013
tense,195.8012959
forge,195.8237581
angry,195.9075594
slurp,196.0963283
tempo,196.1136069
mercy,196.2967603
shrew,196.5226782
reuse,196.5641469
piney,196.5848812
about,196.8781857
hasty,196.9101512
glory,196.9585313
haven,196.9978402
chest,197.0293737
freak,197.0367171
micro,197.0971922
gaily,197.1066955
lunge,197.3334773
blurt,197.5827214
cyber,197.7425486
pasty,197.7771058
count,198.0263499
wrath,198.0937365
voila,198.1943844
voice,198.3464363
debit,198.4138229
chard,198.4393089
fable,198.6285097
vicar,198.637581
foist,198.6950324
tubal,198.7200864
golem,198.8406048
graft,199.0406048
rhyme,199.1218143
stank,199.1403888
fault,199.1818575
drawl,199.1892009
graze,199.25054
palsy,199.2820734
chain,199.4008639
viola,199.4358531
weird,199.4483801
round,199.5015119
gaunt,199.5939525
wreak,199.6095032
hardy,199.6272138
hyper,199.8272138
spend,199.8773218
truer,199.8863931
while,199.9075594
panic,200.0466523
clove,200.3010799
clang,200.4095032
troll,200.4107991
topic,200.438013
grief,200.6099352
hotly,200.8215983
power,200.8548596
cheap,200.9261339
whole,201.0695464
biome,201.2401728
cloth,201.3326134
disco,201.34946
ovary,201.4483801
prove,201.5736501
crier,201.6764579
elfin,201.7058315
glint,201.8526998
perch,201.9053996
hover,202.1650108
fibre,202.336933
brief,202.4112311
purge,202.4233261
dunce,202.52527
broke,202.6414687
money,202.8099352
final,202.8665227
eight,202.9209503
ovine,202.9473002
paper,202.9676026
impel,202.9732181
dicey,202.9844492
caput,203.0332613
spurt,203.150324
buyer,203.1853132
wider,203.1969762
habit,203.3239741
chute,203.3676026
three,203.4220302
drive,203.6928726
crank,203.7200864
total,203.8479482
exact,204.1421166
beach,204.3697624
vista,204.4060475
moult,204.4168467
pansy,204.4349892
curly,204.4561555
knead,204.4825054
turbo,204.5727862
vault,204.6444924
drove,204.8267819
girly,204.8440605
tangy,204.9866091
toast,205.1032397
modal,205.2358531
drank,205.2444924
harpy,205.2600432
mirth,205.2734341
girth,205.3637149
tulip,205.3818575
gazer,205.5041037
sworn,205.511879
boney,205.5796976
admit,205.7053996
erect,205.7308855
allot,205.7490281
eager,205.8920086
hazel,205.9576674
sling,205.9637149
inner,206.0207343
began,206.0311015
brunt,206.0609071
flour,206.075594
demur,206.1425486
shark,206.2410367
extol,206.3269978
dread,206.574946
globe,206.774946
surer,206.9429806
burst,206.9520518
atoll,206.962851
lusty,206.9818575
dwelt,207.0025918
ruler,207.136933
carat,207.2099352
white,207.4807775
grunt,207.7468683
lefty,207.8151188
thief,207.9196544
china,207.9291577
speak,208.0073434
audio,208.0591793
right,208.062203
gavel,208.2578834
rearm,208.4717063
crypt,208.6215983
guard,208.6319654
spurn,208.712311
decoy,208.7339093
burnt,208.7421166
chide,208.9926566
broth,209.0203024
fruit,209.0367171
tract,209.0760259
focal,209.2095032
chafe,209.2138229
waver,209.4583153
corer,209.4794816
prawn,209.7140389
prank,209.7477322
bacon,209.8596112
bison,209.9036717
mourn,210.012959
afoul,210.0319654
noose,210.1598272
fiber,210.2514039
login,210.2846652
awoke,210.4535637
dowel,210.5403888
cabin,210.5650108
mower,210.6816415
hinge,210.9784017
manly,211.075594
leery,211.0807775
birth,211.1352052
tunic,211.2172786
logic,211.2211663
vapor,211.3045356
curve,211.3477322
fetus,211.4699784
optic,211.4984881
manic,211.5235421
demon,211.6142549
viper,211.6332613
donut,211.7183585
trick,211.774946
primo,211.9468683
flake,211.9563715
hovel,212.1179266
wince,212.2185745
alley,212.2233261
bilge,212.4228942
drawn,212.5775378
guilt,212.6414687
quart,212.7015119
ladle,212.7101512
unity,212.8431965
utter,213.2656587
there,213.3779698
lasso,213.3835853
above,213.4475162
beady,213.4725702
ingot,213.5101512
diver,213.5205184
waive,213.6786177
shelf,213.9602592
cloak,214.0462203
blend,214.1209503
flesh,214.1671706
agate,214.4600432
grove,214.4946004
maize,214.5589633
forty,214.863067
croup,214.9490281
evict,215.0989201
swarm,215.1097192
throb,215.2289417
retry,215.3688985
fetid,215.5179266
sound,215.6436285
deter,215.6794816
stall,215.787041
neigh,216.1174946
vaunt,216.1429806
cramp,216.1952484
graph,216.1969762
welsh,216.412959
cress,216.4522678
roost,216.4850972
spark,216.5412527
lingo,216.663067
anvil,217.1265659
tweak,217.1697624
sting,217.311879
briny,217.3758099
rural,217.4293737
yacht,217.6112311
built,217.6211663
spree,217.8587473
savoy,217.9602592
faith,218.0773218
maybe,218.1520518
prism,218.2349892
sprig,218.2941685
natal,218.34946
march,218.5701944
whose,218.5974082
bleak,218.9598272
spoke,219.062203
exist,219.2190065
slimy,219.412527
gnash,219.4146868
spout,219.4859611
shove,219.6276458
brawl,219.8241901
tulle,219.9606911
linen,219.9693305
south,219.974514
shout,220.0233261
prize,220.0604752
aware,220.0738661
trunk,220.0816415
agony,220.2449244
heath,220.3451404
mover,220.425486
flash,220.4971922
rebar,220.5157667
sheer,220.5529158
gland,220.625486
greet,220.8276458
thyme,221.0708423
tawny,221.2742981
charm,221.3416847
crass,221.3671706
nomad,221.4712743
lapel,221.6829374
spike,221.7706263
psalm,221.7740821
depth,221.8673866
smoke,221.9719222
denim,221.9848812
taint,222.0194384
shady,222.1084233
slack,222.2773218
fraud,222.3235421
repel,222.3904968
abate,222.4241901
torso,222.4259179
zonal,222.4535637
badge,222.4868251
erode,222.4894168
equal,222.7395248
stamp,222.8116631
flint,222.8159827
bland,222.8742981
froth,223.1347732
quote,223.2362851
wield,223.3028078
coven,223.3913607
bloke,223.4107991
ratty,223.4276458
giver,223.6060475
eagle,223.6116631
lurch,223.6215983
meter,223.7421166
plume,223.7477322
chime,223.924838
rerun,223.9339093
quiet,223.9719222
field,224.0025918
gnome,224.1213823
cavil,224.1576674
leper,224.1835853
sheik,224.1835853
dopey,224.2682505
drier,224.4907127
ebony,224.5801296
glaze,224.6889849
candy,224.7187905
sigma,224.7231102
stack,224.8583153
vocal,224.8885529
synod,225.3399568
elect,225.6613391
quite,225.6656587
bicep,225.750324
askew,225.9537797
zebra,225.9796976
nasal,226.1473002
apple,226.1697624
newly,226.1909287
whirl,226.1961123
could,226.2933045
mount,226.3399568
shawl,226.3697624
forth,226.4069114
crush,226.4151188
risky,226.6786177
whine,226.6954644
masse,226.6971922
drift,226.7140389
elder,226.787473
flout,227.0263499
mauve,227.0894168
virus,227.187905
cloud,227.3572354
slink,227.512743
shiny,227.7261339
heavy,227.8203024
light,227.8976242
abase,228.0336933
tipsy,228.0345572
algae,228.3097192
midst,228.3226782
gusto,228.424622
guide,228.462635
befit,228.5982721
beret,228.662203
octet,228.7205184
proud,228.7395248
ether,228.7771058
derby,228.8941685
gonad,228.8971922
prong,228.9909287
dried,228.9982721
circa,229.1727862
laugh,229.2838013
debut,229.3092873
brawn,229.4829374
ivory,229.5036717
movie,229.6211663
apart,229.7818575
prowl,229.8051836
datum,229.8069114
sumac,230.1507559
egret,230.374514
medic,230.5568035
world,230.8060475
notch,230.9477322
bowel,231.1529158
polka,231.3460043
bused,231.5079914
clank,231.5598272
dress,231.5904968
eying,231.7213823
shirk,231.7421166
preen,231.8531317
theta,231.937797
video,231.9732181
cello,232.0565875
vegan,232.0820734
bravo,232.2047516
blunt,232.2781857
shaft,232.3295896
payee,232.3395248
titan,232.3740821
vague,232.375378
riper,232.5149028
glove,232.5239741
deign,232.5317495
peace,232.5572354
swept,232.7300216
scene,232.7840173
apnea,232.8565875
chord,233.2017279
input,233.2332613
rider,233.2911447
order,233.3952484
devil,233.8609071
rodeo,234.1257019
thank,234.3174946
essay,234.3572354
patch,234.7533477
rally,234.8604752
joist,235.1589633
crown,235.212095
ghost,235.2609071
femur,235.3218143
ardor,235.4190065
churn,235.437581
sword,235.4609071
epoch,235.524406
belch,235.7511879
knave,235.9006479
bayou,236.2172786
blaze,236.3796976
binge,236.4591793
snaky,236.8155508
niece,236.9490281
perky,236.9637149
piper,237.0704104
lanky,237.2056156
scowl,237.5295896
exult,237.7097192
scrum,237.9900648
rough,238.0138229
worth,238.062203
humor,238.0812095
scuba,238.4090713
handy,238.5883369
below,238.7822894
shunt,238.9425486
admin,239.1239741
lofty,239.124838
gorge,239.1684665
harsh,239.2444924
hydro,239.4133909
plank,239.5192225
stink,239.5295896
snack,239.5542117
aping,239.5568035
puree,239.6937365
steed,239.6946004
lucid,239.7205184
cling,240.2038877
tacit,240.2647948
stool,240.4807775
elope,240.5334773
scrub,240.600432
trout,240.6012959
hymen,240.7019438
dense,240.761987
throw,241.2639309
favor,241.3663067
frank,241.3827214
syrup,241.4609071
porch,241.4721382
being,241.5213823
minty,241.638013
frond,241.6518359
chirp,241.6894168
growl,241.8393089
mango,241.8898488
roger,241.9326134
smirk,241.9611231
youth,241.9982721
swami,242.0401728
bribe,242.1231102
slung,242.1365011
covey,242.2280778
quail,242.287257
valid,242.4086393
rupee,242.5187905
rebel,242.6561555
pouty,242.7028078
label,243.0449244
duvet,243.1136069
detox,243.1313175
legal,243.4349892
begin,243.5205184
helix,243.9537797
swath,244.0825054
month,244.1079914
group,244.1719222
radii,244.2704104
aphid,244.3667387
hello,244.4431965
recur,244.4613391
genre,244.5451404
elide,244.5688985
sight,244.6293737
women,244.6457883
tacky,244.7300216
spiny,245.0842333
brisk,245.2051836
shank,245.2203024
issue,245.2807775
trump,245.3507559
diode,245.362851
tithe,245.3887689
odder,245.4678186
bigot,245.4941685
slick,245.5727862
briar,245.7291577
among,245.8928726
fiend,246.1196544
gourd,246.4643629
tutor,246.5485961
gamut,246.5676026
axion,246.6894168
color,246.9762419
press,247.2980562
chief,247.361987
zesty,247.3982721
major,247.6526998
taunt,247.737365
clamp,247.7727862
caulk,247.8194384
stilt,247.9602592
grind,247.9641469
touch,248.1032397
crimp,248.1343413
bugle,248.2393089
still,248.4151188
truck,248.4444924
widen,248.4790497
bench,248.5317495
armor,248.7580994
grass,248.7645788
brush,248.8768898
human,248.9451404
jaunt,248.9775378
thrum,248.9991361
match,249.149892
imbue,249.2008639
siege,249.2103672
batch,249.2285097
spawn,249.3313175
stock,249.4479482
shrug,249.4488121
bulge,249.4933045
crazy,249.5442765
aglow,249.7326134
rumba,249.8539957
oxide,249.863067
sleep,249.8846652
silky,249.9092873
testy,249.9166307
elbow,249.999568
umbra,250.012959
creed,250.0302376
minus,250.1157667
nobly,250.2863931
burly,250.3706263
tying,250.5291577
tally,250.5352052
froze,250.5395248
local,250.5546436
alarm,250.5991361
liege,250.7317495
cacti,250.85054
smith,250.8933045
twang,251.1075594
boxer,251.3131749
green,251.361987
thong,251.5019438
crepe,251.5447084
bonus,251.67473
macho,251.8012959
shell,251.8146868
magic,252.1282937
suing,252.3917927
goose,252.3987041
betel,252.4190065
choke,252.5269978
salad,252.5650108
stomp,252.6691145
aroma,252.8963283
class,253.0012959
tryst,253.0103672
quota,253.0678186
avoid,253.1010799
nudge,253.2488121
leave,253.3226782
welch,253.3727862
totem,253.4302376
ensue,253.5222462
carry,253.5360691
clown,253.8086393
birch,253.9671706
lorry,253.9978402
these,254.1611231
cache,254.2928726
cross,254.4349892
sheet,254.4773218
scamp,254.5291577
pixel,254.6544276
child,254.7917927
empty,254.8164147
sheen,254.9399568
chasm,254.9982721
flume,255.0349892
spank,255.2090713
belie,255.224622
spicy,255.2423326
gauze,255.2565875
sorry,255.3226782
beset,255.3403888
stung,255.5727862
agora,255.8043197
loyal,255.875162
topaz,255.8993521
posse,255.94946
ghoul,256.0444924
sewer,256.05054
joint,256.1451404
moose,256.2060475
fetch,256.2526998
endow,256.2742981
envoy,256.3205184
drink,256.3360691
study,256.4907127
drown,256.5110151
quasi,256.5209503
creep,256.6850972
attic,256.8298056
sauna,256.9736501
dusty,256.9844492
quest,257.0993521
iliac,257.1408207
query,257.3170626
juice,257.4060475
blond,257.4565875
shrub,257.7149028
fancy,257.8194384
bring,257.8384449
canal,257.8859611
madly,257.9049676
creme,257.9131749
lilac,258.0639309
stick,258.1084233
prior,258.2570194
enema,258.3974082
gravy,258.499784
tasty,258.7075594
filth,258.74946
trust,258.7887689
borax,258.8963283
arbor,259.1438445
alloy,259.2107991
brass,259.275162
semen,259.299784
feign,259.3179266
woman,259.6777538
obese,259.8069114
droll,259.8609071
sally,259.8980562
venom,260.038013
midge,260.062635
lunch,260.3974082
lying,260.4617711
slash,260.5321814
joker,260.6241901
shall,260.6665227
mocha,260.7714903
squat,260.837581
vigor,260.8427646
itchy,260.9183585
pivot,260.9723542
hefty,260.9952484
serve,261.1183585
rocky,261.3883369
limbo,261.4185745
thing,261.4794816
gecko,261.5935205
toxin,262.1399568
vowel,262.2483801
lynch,262.2889849
rarer,262.4090713
unfed,262.462635
gauge,262.5559395
motif,262.6047516
steep,262.6989201
slunk,262.9663067
ditch,263.112311
purer,263.1330454
night,263.1896328
friar,263.2539957
verse,263.5010799
cheer,264.0535637
drool,264.1010799
waxen,264.1434125
dozen,264.3049676
canon,264.6976242
ahead,264.7762419
grimy,264.8103672
morph,264.8302376
using,264.9447084
fixer,264.9611231
tenth,265.4164147
usual,265.4786177
hound,265.4989201
tough,265.6643629
truss,265.7784017
wagon,265.8842333
music,265.9706263
blank,266.212959
ruder,266.8868251
annul,267.1421166
drill,267.2885529
sever,267.7114471
frisk,268.2151188
junta,268.3097192
fella,268.7684665
wooer,268.7909287
unfit,268.987041
smell,269.0937365
unwed,269.1801296
spell,269.2151188
troop,269.4086393
badly,269.4868251
fleet,269.7295896
strut,269.9529158
amply,270.249676
whelp,270.3615551
harry,270.6794816
knife,270.7546436
dryer,270.8259179
dross,270.8289417
valve,270.8889849
mouth,271.5205184
brink,271.7153348
vomit,271.7282937
vogue,271.7831533
cycle,271.8401728
foamy,271.887257
rabbi,272.111879
watch,272.1507559
flask,272.3339093
wreck,272.4587473
rower,272.4971922
doubt,272.5961123
snowy,272.6423326
woken,272.6738661
pithy,272.6842333
crowd,273.0712743
clink,273.2298056
piece,273.237149
revel,273.4414687
bible,273.6034557
reedy,273.72527
blind,273.9304536
plush,273.962851
pound,273.9809935
ought,274.0933045
toxic,274.1088553
shaky,274.4172786
phony,274.4315335
gusty,274.7347732
quilt,275.1045356
lever,275.1382289
renew,275.2453564
shift,275.7516199
libel,275.8315335
adage,275.8734341
agape,276.1326134
wench,276.2570194
doing,276.2984881
opium,276.5930886
brown,276.5961123
given,276.8414687
pitch,276.8470842
udder,276.8954644
arrow,277.0799136
wrong,277.2941685
wrack,277.4298056
eking,277.4660907
stunk,277.6185745
upper,277.8946004
newer,278.1723542
weigh,278.2673866
album,278.2868251
offer,278.3365011
grown,278.3637149
fluke,278.9088553
prick,278.9265659
chalk,278.9598272
flank,278.987473
genie,279.087689
eerie,279.1784017
stint,279.3542117
clung,279.4012959
elude,279.4021598
havoc,280.0583153
nerve,280.1771058
etude,280.3740821
drunk,280.450108
dogma,280.6643629
guild,280.7684665
wring,281.3447084
focus,281.6431965
musty,281.6838013
quake,281.7939525
annoy,281.9930886
speck,282.1464363
sleek,282.25054
honor,282.3529158
pesky,282.4617711
motor,282.5740821
catty,282.6362851
think,282.7542117
taboo,282.9166307
grill,283.1131749
blush,283.1339093
begun,283.4734341
river,283.6794816
small,284.12527
godly,284.1274298
pence,284.3205184
rigor,284.4323974
sooty,284.700216
pasta,284.8738661
parry,285.1269978
rover,285.4406048
glass,285.5274298
ennui,285.7723542
mecca,285.8730022
cumin,285.9295896
bless,286.0237581
forum,286.2069114
edify,286.2863931
sweet,286.3451404
build,286.675594
dingo,287.1727862
segue,287.2963283
botch,287.5157667
leech,287.5516199
merry,287.9926566
wharf,288.2842333
would,288.2946004
joust,288.4764579
moldy,288.5062635
ficus,288.5390929
privy,288.7339093
gross,288.8099352
hence,288.8384449
vinyl,288.9593952
woven,288.975378
enjoy,288.9762419
gaudy,289.1166307
mangy,289.3762419
stash,289.6410367
dwarf,289.6453564
balmy,289.8773218
pique,289.9023758
wordy,290.7693305
await,290.7857451
basis,290.8574514
never,290.9555076
slosh,290.9701944
index,291.100216
sieve,291.1313175
dowry,291.2008639
abbey,291.4768898
seedy,291.4958963
frown,291.7451404
amiss,291.8898488
mogul,292.0531317
shown,293.0475162
brick,293.0855292
smack,293.4514039
crump,293.5848812
greed,293.637581
silly,293.6509719
donor,293.850108
axiom,293.9939525
rowdy,294.1157667
dimly,294.5200864
koala,294.6060475
shack,294.7028078
stout,294.7568035
sixty,294.9144708
slump,295.1809935
robot,295.3922246
pinch,295.7235421
mound,295.7598272
abbot,295.8328294
augur,295.9676026
merge,296.0328294
basal,296.1710583
vapid,296.3913607
kneel,296.9477322
gipsy,297.212959
larva,297.4077754
colon,297.4578834
climb,297.5438445
tibia,297.7969762
heave,297.9092873
creek,298.3075594
marry,298.500216
afoot,298.6902808
berry,299.0177106
bingo,299.1101512
waltz,299.7274298
idiot,299.7576674
stood,300.0829374
young,300.4885529
sulky,300.687689
revue,300.9775378
swell,301.8665227
flush,302.0241901
fatal,302.1386609
fleck,302.4064795
gouge,303.6794816
deuce,303.8198704
theme,304.1693305
krill,304.2850972
gooey,304.6639309
seven,304.8177106
teddy,304.825486
ditto,305.0263499
breed,305.1555076
awful,305.237149
blown,305.5045356
fluid,305.6336933
curvy,305.8177106
black,305.8397408
might,305.8963283
dutch,306.7352052
junto,307.1101512
imply,307.2764579
seize,307.3213823
speed,307.3287257
union,307.5758099
petty,307.7053996
pouch,307.936933
occur,308.0509719
adapt,308.1676026
banal,308.2578834
alibi,308.5801296
aloof,308.6799136
swift,308.7356371
mania,308.7455724
exert,308.9667387
drama,309.2673866
squad,309.3693305
floor,309.7092873
bound,310.012959
sloop,310.3395248
canny,310.7529158
budge,310.8457883
again,310.9680346
butte,311.1010799
spool,311.1550756
coach,311.4280778
banjo,311.8241901
fritz,311.8336933
swamp,312.0544276
stuck,312.2168467
moron,312.362851
error,312.3801296
razor,312.4647948
quark,312.7269978
blink,313.0030238
flail,313.3291577
frill,313.6829374
ledge,313.6859611
champ,314.0298056
where,314.162851
quash,314.2816415
wrung,314.8583153
found,315.175378
jerky,315.2198704
frock,315.2587473
stump,315.3157667
swing,315.5218143
ferry,315.6164147
conic,315.6786177
limit,315.7136069
truth,316.0051836
crumb,316.0552916
undue,316.062203
bylaw,316.0708423
freed,316.2548596
annex,316.7023758
witch,317.2509719
gloss,317.9468683
fishy,318.0548596
patty,318.0721382
unify,318.2116631
sooth,318.2436285
allow,318.3313175
equip,318.4738661
ionic,318.5904968
druid,319.025054
cough,319.1974082
fudge,319.3641469
defer,320.2051836
nylon,320.2241901
fling,320.5114471
shoot,320.5365011
sheep,320.7101512
flack,320.825054
thick,321.2224622
showy,321.287257
stunt,321.4444924
event,321.5935205
gaffe,321.7071274
gulch,321.8803456
spill,322.0807775
evade,322.2669546
debug,322.4544276
avail,322.5222462
proxy,322.762419
fence,323.0311015
beget,323.1200864
staff,323.1965443
flown,323.537797
needy,323.7572354
wound,323.7723542
pupal,323.94946
plunk,324.1287257
boost,325.2012959
elegy,325.6803456
stoop,325.8384449
blitz,325.9447084
owing,326.2090713
flaky,326.7269978
catch,326.8349892
dough,327.1473002
epoxy,327.262203
width,327.3939525
blimp,327.4384449
dodge,328.1965443
smock,328.2095032
offal,328.4185745
tenet,328.6825054
guess,329.5676026
hatch,329.6047516
snuck,330.3641469
pubic,330.3645788
chess,330.4017279
bleep,330.4103672
milky,330.5520518
qualm,330.5835853
bleed,330.7131749
mulch,330.8280778
exile,331.1041037
sixth,331.5978402
clump,331.625054
shock,331.700216
smoky,332.0168467
block,332.7585313
crack,332.7822894
sense,333.1300216
coyly,333.4453564
spiky,333.6384449
dally,333.6669546
modem,333.6820734
dryly,333.7365011
ember,333.8047516
igloo,334.1568035
penny,334.5580994
every,334.9343413
alpha,335.9516199
whiny,336.3213823
rumor,336.5356371
leggy,336.7339093
punch,336.8060475
gassy,336.8103672
aging,337.2993521
wispy,337.8224622
bliss,338.4397408
humid,339.1943844
rugby,339.4885529
batty,341.2678186
vixen,341.3421166
fight,341.4725702
wight,341.5149028
award,341.7213823
snoop,342.0311015
spoon,342.0777538
wheel,342.1356371
vodka,342.1693305
filmy,342.5762419
icily,342.887257
finch,343.5451404
cabal,343.5762419
sappy,343.7347732
awake,343.8596112
glyph,344.1572354
murky,344.1987041
curry,344.2656587
droop,344.6799136
ninth,345.1421166
tabby,345.1555076
parka,345.737797
tweed,345.8302376
belly,346.2241901
naval,346.5913607
venue,347.2012959
villa,347.2190065
downy,347.4799136
pushy,347.6665227
queer,347.8151188
butch,348.1308855
flock,348.9114471
lucky,348.9399568
dying,349.2522678
comma,349.3183585
kiosk,349.6194384
roomy,349.6963283
dingy,349.7282937
enemy,350.4401728
holly,350.5097192
winch,350.5330454
apply,350.6263499
mushy,350.8311015
folio,350.8660907
dandy,351.1317495
verge,351.774946
sully,352.112743
bushy,352.3045356
avian,352.7438445
weave,354.1464363
gayly,354.2522678
lumpy,354.4393089
floss,354.5153348
slush,355.2993521
quoth,355.5529158
pinky,355.7822894
smash,356.5710583
spunk,356.7857451
quirk,356.7965443
swill,357.3278618
outdo,357.4617711
ozone,357.8816415
furor,358.0768898
kebab,358.3140389
chill,359.1313175
munch,359.212959
skill,359.2544276
hilly,359.275162
usurp,359.3758099
thump,359.6760259
flung,360.0289417
blurb,360.0384449
lymph,360.9580994
abyss,362.0449244
axial,362.3157667
fatty,362.587473
swung,363.1537797
toddy,363.2958963
karma,363.4086393
bunch,363.4578834
tepee,364.1274298
uncut,364.3892009
fauna,365.0885529
pupil,365.1434125
salsa,365.4323974
array,365.8172786
taffy,365.9814255
rotor,366.2388769
bough,366.2647948
delve,366.4488121
skimp,367.6384449
nutty,368.2
twist,368.92527
caddy,369.0760259
chili,369.0859611
flick,369.1710583
loopy,369.4712743
dolly,369.9822894
scoop,370.3028078
pagan,370.5304536
vouch,370.6475162
hurry,370.6613391
theft,370.6859611
duchy,370.687257
windy,370.8207343
wacky,371.0704104
amaze,371.4263499
pluck,371.4958963
ditty,372.0172786
going,372.2803456
sweep,372.7300216
shyly,373.0609071
fewer,373.1719222
comfy,373.7537797
kneed,373.7771058
hedge,373.812527
knoll,374.3684665
bawdy,374.561987
flunk,375.1516199
crook,375.1969762
sunny,375.2393089
dusky,375.9602592
spasm,376.6669546
inbox,377.0898488
sushi,377.2082073
dwell,377.4544276
comic,377.7473002
crick,379.6587473
juicy,379.7084233
crock,379.7412527
rajah,381.0203024
cynic,381.8419006
picky,381.8863931
melee,382.0483801
worry,382.3477322
thumb,382.3991361
polyp,383.2570194
fungi,383.5239741
nymph,383.5399568
booty,383.6077754
husky,383.7533477
wryly,384.212527
photo,384.2449244
judge,384.4699784
brood,384.65054
groom,384.924838
soggy,385.0198704
golly,385.0980562
clack,385.2863931
outgo,385.3053996
hunky,385.4462203
hitch,385.4799136
condo,385.5866091
stiff,386.1222462
rigid,386.3023758
hippo,386.7200864
dilly,386.8384449
oddly,387.162419
plumb,387.5831533
awash,387.7784017
excel,389.6233261
proof,389.8207343
beech,389.987905
radar,390.4531317
fanny,390.487689
visit,391.0734341
khaki,391.3896328
savvy,391.9654428
fever,392.849676
whisk,394.0686825
idyll,394.1663067
squib,394.9261339
eject,395.6483801
bitty,396.4596112
swash,396.8725702
fjord,397.0082073
howdy,397.0086393
mambo,397.6064795
missy,398.1848812
mossy,398.9961123
swoon,399.4341253
conch,400.0954644
bossy,400.1559395
unzip,400.6354212
lupus,401.9758099
broom,402.8285097
lipid,402.9416847
vying,402.9654428
geese,403.0509719
timid,403.300216
cabby,404.4989201
tight,404.7511879
shuck,404.8017279
booth,405.4155508
mafia,405.625054
sniff,405.7278618
bevel,406.0544276
happy,406.4915767
queen,406.7779698
ruddy,407.2954644
gawky,408.0419006
quell,408.288121
digit,408.8665227
chunk,409.6384449
whack,409.8323974
thigh,410.1269978
musky,410.437149
manga,410.6444924
idiom,413.0518359
scoff,413.4103672
cacao,413.4263499
jetty,413.7671706
bulky,413.9105832
billy,413.9766739
cinch,414.2311015
lobby,415.8544276
kitty,416.0354212
paddy,416.4393089
knack,416.7775378
teeth,417.2898488
clock,417.3403888
wooly,418.3771058
undid,420.4358531
blood,421.3144708
evoke,421.7304536
juror,421.8730022
witty,422.7831533
myrrh,423.2673866
jelly,423.2695464
penne,423.7917927
forgo,423.9758099
gloom,424.1598272
pixie,424.7196544
ninja,424.7943844
gumbo,425.0591793
tatty,426.1161987
folly,426.7771058
cheek,427.2043197
couch,428.1360691
lowly,428.137797
wimpy,428.6937365
freer,428.9593952
skull,429.5952484
brook,430.2855292
quack,430.9015119
click,431.6656587
expel,432.0518359
chump,432.8449244
cliff,433.9524838
refer,434.8699784
flood,434.8842333
cocoa,435.6336933
willy,436.3343413
geeky,436.9961123
weedy,437.6742981
sassy,439.0984881
pudgy,439.4639309
booze,439.5542117
fifty,439.9550756
putty,440.8825054
furry,440.9278618
skulk,441.8609071
civil,442.4306695
bezel,442.6907127
belle,443.0185745
icing,443.6034557
fugue,444.9062635
spoof,446.0790497
dully,446.6868251
bloom,448.1796976
filly,448.2639309
dumpy,448.5015119
embed,448.6518359
allay,449.3010799
shook,449.7321814
assay,450.7097192
bosom,451.0185745
hussy,451.2034557
beefy,455.4984881
pooch,456.2937365
stuff,458.4336933
swish,458.9174946
hutch,459.2773218
wedge,459.536933
funky,459.6652268
cubic,460.0358531
pulpy,461.0799136
verve,461.8786177
macaw,462.6107991
plaza,462.8453564
snuff,463.1196544
widow,464.3442765
chaff,464.6237581
fifth,465.9023758
spook,466.0846652
jewel,467.6526998
tweet,467.9464363
papal,469.0172786
onion,470.8272138
mucky,470.9740821
emcee,471.7542117
swoop,471.7779698
gully,472.8401728
check,473.1347732
baggy,473.32527
nanny,474.5183585
ovoid,475.1347732
hunch,475.7805616
hippy,477.5766739
quill,479.5676026
knock,481.7987041
skunk,482.5840173
mucus,483.2077754
guava,483.3792657
maxim,484.0017279
pizza,487.2349892
livid,488.0660907
amass,491.1395248
goody,491.9524838
bully,492.3360691
kinky,492.4384449
quick,495.7218143
moody,496.4116631
llama,497.5831533
aback,498.5084233
plump,498.7382289
jolly,499.825486
hobby,500.4224622
bongo,504.9429806
cluck,505.5131749
gruff,505.6686825
dodgy,507.4764579
level,507.8907127
sissy,508.6228942
tooth,514.3032397
fussy,516.1589633
bunny,516.5352052
slyly,516.8833693
fully,517.9771058
humus,519.0116631
piggy,519.1766739
vigil,519.2842333
gypsy,522.4760259
buxom,524.2060475
giddy,533.0453564
biddy,539.2695464
funny,540.2868251
jumbo,543.3814255
skiff,544.7170626
woody,546.8993521
goofy,547.9261339
affix,549.7257019
which,551.7442765
motto,553.0479482
chock,556.2924406
dowdy,563.9235421
chick,563.9356371
whoop,566.7261339
foggy,567.0686825
daddy,571.0038877
ninny,575.4920086
known,589.6457883
madam,595.6574514
bluff,602.7477322
twixt,605.862203
femme,607.3136069
guppy,610.6069114
mammy,611.4276458
muddy,613.1779698
dummy,613.3408207
jumpy,614.5347732
humph,621.2907127
buddy,630.3149028
kayak,633.4190065
queue,637.0483801
minim,639.4833693
gummy,651.9149028
shush,652.5438445
gamma,653.2682505
magma,653.862203
puffy,654.0021598
buggy,661.0604752
poppy,663.6414687
whiff,664.3809935
chuck,668.1343413
dizzy,668.3775378
boozy,672.337797
mimic,679.1987041
kappa,680.5866091
booby,690.9079914
pygmy,691.9688985
bobby,714.9097192
woozy,719.8574514
jazzy,755.1559395
fluff,755.4790497
fizzy,756.2276458
jiffy,762.7330454
civic,776.5663067
puppy,799.0531317
mummy,839.7282937
vivid,850.2336933
mamma,858.8453564
fuzzy,875.4704104